GPSpt,Date.1,Date.2,Date.3,Date.4,Date.5,Obs.1,Obs.2,Obs.3,Obs.4,Obs.5,Time.1,Time.2,Time.3,Time.4,Time.5,Wind.1,Wind.2,Wind.3,Wind.4,Wind.5,Temp.1,Temp.2,Temp.3,Temp.4,Temp.5,Cloud.1,Cloud.2,Cloud.3,Cloud.4,Cloud.5
23,41987,42031,42033,42055,NA,RS,RS,RS,RS,NA,449,959,611,608,NA,1,0,3,1,NA,22,25,18,15,NA,18,3,100,1,NA
24,41987,42031,42055,42077,NA,RS,RS,RS,RS,NA,509,945,624,1721,NA,1,0,1,3,NA,22,25,15,24,NA,18,3,1,20,NA
25,41987,42031,42055,42077,NA,RS,RS,RS,RS,NA,530,930,639,1706,NA,1,0,1,3,NA,22,25,15,24,NA,18,3,1,20,NA
26,41987,42031,42033,42077,NA,RS,RS,RS,RS,NA,605,846,658,1647,NA,0,0,1,3,NA,22,25,15,24,NA,15,3,1,20,NA
27,41987,42033,42055,42077,NA,RS,RS,RS,RS,NA,640,537,715,1737,NA,0,3,1,3,NA,26,18,15,24,NA,8,100,1,20,NA
28,41987,42031,42055,42077,NA,RS,RS,RS,RS,NA,717,1014,551,1808,NA,0,0,1,3,NA,26,25,15,24,NA,8,3,1,20,NA
30,41987,42030,42055,42077,NA,RS,RS,RS,RS,NA,811,818,528,1533,NA,2,2,1,3,NA,27,21,15,24,NA,18,19,1,20,NA
32,41987,42031,42055,42077,NA,RS,MS,RS,RS,NA,855,830,735,1611,NA,2,3,1,3,NA,27,25,15,24,NA,18,0,1,20,NA
33,41987,42031,42055,42077,NA,RS,RS,RS,RS,NA,945,905,754,1627,NA,3,3,1,3,NA,28,25,15,24,NA,62,0,1,20,NA
34,41990,42031,42055,42078,NA,RS,MS,RS,RS,NA,454,501,1019,1751,NA,3,1,3,3,NA,19,15,22,24,NA,100,0,36,22,NA
35,41990,42031,42055,42078,NA,RS,MS,RS,RS,NA,515,515,1033,1805,NA,3,1,3,3,NA,19,15,22,24,NA,100,0,36,22,NA
36,41990,42031,42061,42078,NA,RS,MS,RS,RS,NA,534,530,1833,1818,NA,3,1,3,3,NA,19,15,22,24,NA,100,0,36,22,NA
37,41990,42031,42055,42078,NA,RS,MS,RS,RS,NA,642,604,944,1716,NA,3,1,3,3,NA,19,15,22,24,NA,100,0,36,22,NA
38,41990,42031,42055,42078,NA,RS,MS,RS,RS,NA,627,745,959,1730,NA,3,1,3,3,NA,19,15,22,24,NA,100,0,36,22,NA
39,41990,42031,42055,42078,NA,RS,MS,RS,RS,NA,612,729,836,1617,NA,3,1,3,3,NA,19,15,22,24,NA,100,0,36,22,NA
40,41990,42031,42055,42078,NA,RS,MS,RS,RS,NA,732,708,853,1632,NA,3,1,3,3,NA,19,15,22,24,NA,100,0,36,22,NA
41,41990,42031,42055,42078,NA,RS,MS,RS,RS,NA,715,644,909,1645,NA,3,1,3,3,NA,19,15,22,24,NA,100,0,36,22,NA
42,41990,42031,42055,42078,NA,RS,MS,RS,RS,NA,658,621,925,1700,NA,3,1,3,3,NA,19,15,22,24,NA,100,0,36,22,NA
43,41990,42032,42034,42041,NA,RS,RS,MS,RS,NA,811,637,936,747,NA,2,3,1,1,NA,23,22,21,20,NA,100,100,80,70,NA
44,41990,42032,42034,42041,NA,RS,RS,MS,RS,NA,825,652,921,733,NA,2,3,1,1,NA,23,22,21,20,NA,100,100,80,70,NA
45,41990,42032,42034,42041,NA,RS,RS,MS,RS,NA,840,707,905,720,NA,2,3,1,1,NA,23,22,21,20,NA,100,100,80,70,NA
46,41990,42032,42034,42041,NA,RS,RS,MS,RS,NA,856,728,849,705,NA,2,3,1,1,NA,23,22,21,20,NA,100,100,80,70,NA
47,41990,42032,42034,42041,NA,RS,RS,RS,RS,NA,913,749,855,648,NA,2,3,0,1,NA,23,22,22,20,NA,100,100,78,70,NA
48,41990,42032,42034,42041,NA,RS,RS,RS,RS,NA,930,808,910,535,NA,2,3,0,1,NA,23,22,22,20,NA,100,100,78,70,NA
49,41990,42032,42034,42041,NA,RS,RS,RS,RS,NA,950,823,924,549,NA,2,3,0,1,NA,23,22,22,20,NA,100,100,78,70,NA
50,41990,42032,42034,42041,NA,RS,RS,RS,RS,NA,1004,839,938,603,NA,2,3,0,1,NA,23,22,22,20,NA,100,100,78,70,NA
51,41990,42032,42034,42041,NA,RS,RS,RS,RS,NA,1020,853,952,616,NA,2,3,0,1,NA,23,22,22,20,NA,100,100,78,70,NA
52,41991,42034,42061,42077,NA,RS,RS,MS,MS,NA,455,510,533,527,NA,0,2,1,1,NA,23,18,13,13,NA,45,100,98,98,NA
53,41991,42034,42061,42077,NA,RS,RS,MS,MS,NA,510,525,546,542,NA,0,2,1,1,NA,23,18,13,13,NA,45,100,98,98,NA
54,41991,42034,42061,42077,NA,RS,RS,MS,MS,NA,525,548,601,558,NA,0,2,1,1,NA,23,18,13,13,NA,45,100,98,98,NA
55,41991,42034,42061,42077,NA,RS,RS,MS,MS,NA,541,619,616,613,NA,0,2,1,1,NA,23,18,13,13,NA,45,100,98,98,NA
56,41991,42034,42061,42077,NA,RS,RS,MS,MS,NA,601,637,631,631,NA,0,2,1,1,NA,23,18,13,13,NA,45,100,98,98,NA
58,41991,42034,42061,42077,NA,RS,RS,MS,MS,NA,621,657,647,649,NA,0,2,1,1,NA,23,18,13,13,NA,45,100,98,98,NA
59,41991,42034,42061,42077,NA,RS,RS,MS,MS,NA,639,717,701,704,NA,0,2,1,1,NA,23,18,13,13,NA,45,100,98,98,NA
60,41991,42034,42048,42077,NA,RS,RS,MS,MS,NA,654,740,714,719,NA,0,2,1,1,NA,23,18,13,13,NA,45,100,98,98,NA
61,41991,42034,42048,42077,NA,RS,RS,MS,MS,NA,710,756,727,733,NA,0,2,1,1,NA,23,18,13,22,NA,45,100,98,98,NA
62,41991,42034,42058,42077,NA,RS,MS,RS,RS,NA,1007,718,656,929,NA,1,1,0,0,NA,25,15,22,22,NA,25,90,100,100,NA
63,41991,42034,42058,42077,NA,RS,MS,RS,RS,NA,1034,538,640,915,NA,1,1,0,0,NA,25,15,22,22,NA,25,90,100,100,NA
64,41991,42034,42058,42077,NA,RS,MS,RS,RS,NA,859,558,622,901,NA,1,1,0,0,NA,25,15,22,22,NA,25,90,100,100,NA
65,41991,42034,42058,42077,NA,RS,MS,RS,RS,NA,917,614,608,847,NA,1,1,0,0,NA,25,15,22,22,NA,25,90,100,100,NA
66,41991,42034,42058,42077,NA,RS,MS,RS,RS,NA,932,633,531,831,NA,1,1,0,0,NA,25,15,22,22,NA,25,90,100,100,NA
67,41991,42034,42058,42077,NA,RS,MS,RS,RS,NA,949,653,555,818,NA,1,1,0,0,NA,25,15,22,22,NA,25,90,100,100,NA
68,41991,42034,42058,42077,NA,RS,MS,RS,MS,NA,843,516,725,914,NA,1,1,0,2,NA,25,15,17,22,NA,25,90,100,86,NA
69,41991,42034,42058,42077,NA,RS,MS,RS,MS,NA,802,806,745,841,NA,1,1,0,2,NA,25,15,17,22,NA,25,90,100,86,NA
70,41991,42034,42058,42077,NA,RS,MS,RS,MS,NA,821,747,810,826,NA,1,1,0,2,NA,25,15,17,22,NA,25,90,100,86,NA
75,41996,42035,42054,42075,NA,RS,RS,RS,RS,NA,445,638,705,622,NA,1,2,2,2,NA,22,17,18,17,NA,100,0,59,80,NA
76,41996,42035,42054,42075,NA,RS,RS,RS,RS,NA,459,624,722,638,NA,1,2,2,2,NA,22,17,18,17,NA,100,0,59,80,NA
77,41996,42035,42054,42075,NA,RS,RS,RS,RS,NA,513,657,737,652,NA,1,2,2,2,NA,22,17,18,17,NA,100,0,59,80,NA
78,41996,42035,42054,42075,NA,RS,RS,RS,RS,NA,528,712,809,706,NA,1,2,2,2,NA,22,17,18,17,NA,100,0,59,80,NA
79,41996,42035,42054,42075,NA,RS,RS,RS,RS,NA,544,610,754,607,NA,1,2,2,2,NA,22,17,18,17,NA,100,0,59,80,NA
80,41996,42035,42054,42075,NA,RS,RS,RS,RS,NA,600,557,648,553,NA,1,2,2,2,NA,22,17,18,17,NA,100,0,59,80,NA
81,41996,42035,42054,42075,NA,RS,RS,RS,RS,NA,619,727,825,719,NA,1,2,2,2,NA,22,17,18,17,NA,100,0,59,80,NA
82,41996,42035,42054,42075,NA,RS,RS,RS,RS,NA,637,757,840,734,NA,1,2,2,2,NA,22,17,18,17,NA,100,0,59,80,NA
83,41996,42035,42054,42075,NA,RS,RS,RS,RS,NA,659,742,633,539,NA,1,2,2,2,NA,22,17,18,17,NA,100,0,59,80,NA
84,41996,42035,42054,42075,NA,RS,RS,RS,RS,NA,729,840,614,950,NA,2,2,0,0,NA,26,24,16,16,NA,100,30,87,87,NA
85,41996,42035,42054,42075,NA,RS,RS,RS,RS,NA,751,913,558,755,NA,2,2,0,0,NA,26,24,16,16,NA,100,30,87,87,NA
86,41996,42035,42054,42075,NA,RS,RS,RS,RS,NA,808,929,543,810,NA,2,2,0,0,NA,26,24,16,16,NA,100,30,87,87,NA
87,41996,42035,42054,42075,NA,RS,RS,RS,RS,NA,828,855,525,936,NA,2,2,0,0,NA,26,24,16,16,NA,100,30,87,87,NA
88,41996,42035,42054,42075,NA,RS,RS,RS,RS,NA,848,929,542,825,NA,2,2,1,0,NA,26,24,15,16,NA,100,30,30,87,NA
89,41996,42035,42054,42075,NA,RS,RS,RS,RS,NA,902,913,557,839,NA,2,2,1,0,NA,26,24,15,16,NA,100,30,30,87,NA
90,41996,42035,42054,42075,NA,RS,RS,RS,RS,NA,917,857,611,853,NA,2,2,1,0,NA,26,24,15,16,NA,100,30,30,87,NA
91,41996,42035,42054,42075,NA,RS,RS,RS,RS,NA,935,841,629,907,NA,2,2,1,0,NA,26,24,15,16,NA,100,30,30,87,NA
92,41996,42035,42054,42075,NA,RS,RS,RS,RS,NA,956,945,643,920,NA,2,2,1,3,NA,26,24,15,22,NA,100,30,30,68,NA
93,41997,42038,42061,42078,NA,RS,RS,RS,MS,NA,447,747,518,530,NA,0,1,1,1,NA,23,18,17,14,NA,60,100,100,60,NA
94,41997,42038,42061,42078,NA,RS,RS,RS,MS,NA,504,804,536,545,NA,0,1,1,1,NA,23,18,17,14,NA,60,100,100,60,NA
95,41997,42038,42061,42078,NA,RS,RS,RS,MS,NA,519,826,553,603,NA,0,1,1,1,NA,23,18,17,14,NA,60,100,100,60,NA
96,41997,42038,42061,42078,NA,RS,RS,RS,MS,NA,537,845,613,617,NA,0,1,1,1,NA,23,18,17,14,NA,60,100,100,60,NA
97,41997,42038,42061,42078,NA,RS,RS,RS,MS,NA,552,902,624,630,NA,0,1,1,1,NA,23,18,17,14,NA,60,100,100,60,NA
98,41997,42038,42061,42078,NA,RS,RS,RS,MS,NA,610,1000,720,645,NA,0,1,1,1,NA,23,18,17,14,NA,60,100,100,60,NA
99,41997,42038,42061,42078,NA,RS,RS,RS,MS,NA,626,1023,738,707,NA,0,1,1,1,NA,23,18,17,14,NA,60,100,100,60,NA
100,41997,42038,42061,42078,NA,RS,RS,RS,MS,NA,652,1040,700,720,NA,0,1,1,1,NA,23,18,17,14,NA,60,100,100,60,NA
102,41997,42038,42061,42078,NA,RS,RS,RS,MS,NA,715,922,643,739,NA,0,1,1,1,NA,23,18,17,14,NA,60,100,100,60,NA
103,41997,42038,42060,42078,NA,RS,RS,MS,RS,NA,755,1000,759,546,NA,2,1,0,1,NA,26,18,20,16,NA,24,100,100,45,NA
104,41997,42038,42060,42078,NA,RS,RS,MS,RS,NA,811,852,633,620,NA,2,1,0,1,NA,26,18,20,16,NA,24,100,100,45,NA
105,41997,42038,42060,42078,NA,RS,RS,MS,RS,NA,827,836,615,721,NA,2,1,0,1,NA,26,18,20,16,NA,24,100,100,45,NA
106,41997,42038,42060,42078,NA,RS,RS,MS,RS,NA,843,820,557,736,NA,2,1,0,1,NA,26,18,20,16,NA,24,100,100,45,NA
107,41997,42038,42060,42078,NA,RS,RS,MS,RS,NA,903,804,540,753,NA,2,1,0,1,NA,26,18,20,16,NA,24,100,100,45,NA
108,41997,42038,42060,42078,NA,RS,RS,MS,RS,NA,919,748,519,528,NA,2,1,0,1,NA,26,18,20,16,NA,24,100,100,45,NA
109,41997,42038,42060,42078,NA,RS,RS,MS,RS,NA,940,945,739,601,NA,2,1,0,1,NA,26,18,20,16,NA,24,100,100,45,NA
110,41997,42038,42060,42078,NA,RS,RS,MS,RS,NA,959,907,650,636,NA,2,1,0,1,NA,26,18,20,16,NA,24,100,100,45,NA
111,41997,42038,42060,42078,NA,RS,RS,MS,RS,NA,1015,922,710,656,NA,2,1,0,1,NA,26,18,20,16,NA,24,100,100,45,NA
112,41998,42035,42054,42080,NA,RS,RS,MS,RS,NA,800,540,716,540,NA,3,2,1,3,NA,24,16,17,15,NA,65,20,25,99,NA
113,41998,42035,42054,42080,NA,RS,RS,MS,RS,NA,825,600,802,559,NA,3,2,1,3,NA,24,16,17,15,NA,65,20,25,99,NA
114,41998,42035,42054,42080,NA,RS,RS,MS,RS,NA,840,620,748,615,NA,3,2,1,3,NA,24,16,17,15,NA,65,20,25,99,NA
115,41998,42035,42054,42080,NA,RS,RS,MS,RS,NA,855,801,731,749,NA,3,2,1,3,NA,24,16,17,15,NA,65,20,25,99,NA
116,41998,42035,42054,42080,NA,RS,RS,MS,RS,NA,916,744,915,735,NA,3,2,1,3,NA,24,16,17,15,NA,65,20,25,99,NA
117,41998,42035,42054,42080,NA,RS,RS,MS,RS,NA,932,727,901,719,NA,3,2,1,3,NA,24,16,17,15,NA,65,20,25,99,NA
118,41998,42035,42054,42080,NA,RS,RS,MS,RS,NA,946,710,848,705,NA,3,2,1,3,NA,24,16,17,15,NA,65,20,25,99,NA
119,41998,42035,42054,42080,NA,RS,RS,MS,RS,NA,1000,653,834,649,NA,3,2,1,3,NA,24,16,17,15,NA,65,20,25,99,NA
120,41998,42035,42054,42080,NA,RS,RS,MS,RS,NA,1014,637,819,632,NA,3,2,1,3,NA,24,16,17,15,NA,65,20,25,99,NA
121,41999,42028,42058,42077,NA,RS,MS,RS,RS,NA,800,517,840,738,NA,4,1,2,0,NA,24,15,21,21,NA,100,5,78,100,NA
122,41999,42028,42058,42077,NA,RS,MS,RS,RS,NA,817,536,1029,602,NA,4,1,2,0,NA,24,15,21,19,NA,100,5,78,100,NA
123,41999,42028,42058,42077,NA,RS,MS,RS,RS,NA,832,759,1047,530,NA,4,1,2,0,NA,24,15,21,19,NA,100,5,78,100,NA
124,41999,42028,42077, ,NA,RS,MS,RS,RS,NA,850,737,547, ,NA,4,1,0, ,NA,24,15,19, ,NA,100,5,100, ,NA
125,41999,42028,42058,42077,NA,RS,MS,RS,RS,NA,908,552,951,616,NA,4,1,2,0,NA,24,15,21,19,NA,100,5,78,100,NA
126,41999,42028,42058,42077,NA,RS,MS,RS,RS,NA,928,612,1009,720,NA,4,1,2,0,NA,24,15,21,21,NA,100,5,78,100,NA
127,41999,42028,42058,42077,NA,RS,MS,RS,RS,NA,945,636,858,705,NA,4,1,2,0,NA,24,15,21,21,NA,100,5,78,100,NA
128,41999,42028,42058,42077,NA,RS,MS,RS,RS,NA,1001,652,914,650,NA,4,1,2,0,NA,24,15,21,21,NA,100,5,78,100,NA
129,41999,42028,42058,42077,NA,RS,MS,RS,RS,NA,1022,712,933,634,NA,4,1,2,0,NA,24,15,21,19,NA,100,5,78,100,NA
130,42002,42039,42062,42081,NA,RS,RS,RS,RS,NA,811,533,529,552,NA,4,1,2,1,NA,20,16,17,17,NA,100,100,100,100,NA
131,42002,42039,42062,42081,NA,RS,RS,RS,RS,NA,826,547,543,606,NA,4,1,2,1,NA,20,16,17,17,NA,100,100,100,100,NA
132,42002,42039,42062,42081,NA,RS,RS,RS,RS,NA,841,604,559,622,NA,4,1,2,1,NA,20,16,17,17,NA,100,100,100,100,NA
133,42002,42039,42062,42081,NA,RS,RS,RS,RS,NA,856,621,617,637,NA,4,1,2,1,NA,20,16,17,17,NA,100,100,100,100,NA
134,42002,42039,42062,42081,NA,RS,RS,RS,RS,NA,911,636,631,652,NA,4,1,2,1,NA,20,16,17,17,NA,100,100,100,100,NA
135,42002,42039,42062,42081,NA,RS,RS,RS,RS,NA,931,654,650,710,NA,4,1,2,1,NA,20,16,17,17,NA,100,100,100,100,NA
136,42002,42039,42062,42081,NA,RS,RS,RS,RS,NA,949,712,705,733,NA,4,1,2,1,NA,20,16,17,17,NA,100,100,100,100,NA
137,42002,42039,42062,42081,NA,RS,RS,RS,RS,NA,1009,730,731,751,NA,4,1,2,1,NA,20,16,17,17,NA,100,100,100,100,NA
138,42002,42039,42062,42081,NA,RS,RS,RS,RS,NA,1027,753,748,810,NA,4,1,2,1,NA,20,16,17,17,NA,100,100,100,100,NA
139,42003,42037,42053,42076,NA,RS,MS,RS,RS,NA,500,801,913,531,NA,4,1,2,3,NA,20,15,19,16,NA,98,100,35,85,NA
140,42003,42037,42053,42076,NA,RS,MS,RS,RS,NA,515,745,819,545,NA,4,1,2,3,NA,20,15,19,16,NA,98,100,35,85,NA
141,42003,42037,42053,42076,NA,RS,MS,RS,RS,NA,530,729,759,602,NA,4,1,2,3,NA,20,15,19,16,NA,98,100,35,85,NA
143,42003,42037,42053,42076,NA,RS,MS,RS,RS,NA,543,714,743,619,NA,4,1,2,3,NA,20,15,19,16,NA,98,100,35,85,NA
144,42003,42037,42053,42076,NA,RS,MS,RS,RS,NA,602,642,709,706,NA,4,1,2,3,NA,20,15,19,16,NA,98,100,35,85,NA
145,42003,42037,42053,42076,NA,RS,MS,RS,RS,NA,617,627,839,801,NA,4,1,2,3,NA,20,15,19,16,NA,98,100,35,85,NA
146,42003,42053,42076,,NA,RS,MS,RS,RS,NA,632,857,747,,NA,4,1,3,,NA,20,15,16,,NA,98,100,85,,NA
147,42003,42037,42053,42076,NA,RS,MS,RS,RS,NA,647,610,639,734,NA,4,1,2,3,NA,20,15,19,16,NA,98,100,35,85,NA
148,42003,42037,42053,42076,NA,RS,MS,RS,RS,NA,701,552,654,719,NA,4,1,2,3,NA,20,15,19,16,NA,98,100,35,85,NA
149,42003,42037,42053,42076,NA,RS,MS,RS,RS,NA,718,657,727,634,NA,4,1,2,3,NA,20,15,19,16,NA,98,100,35,85,NA
150,42003,42037,42053,42076,NA,RS,RS,RS,RS,NA,815,539,703,847,NA,4,3,2,4,NA,22,18,19,21,NA,90,100,35,56,NA
151,42003,42037,42053,42076,NA,RS,RS,RS,RS,NA,829,554,716,851,NA,4,3,2,4,NA,22,18,19,21,NA,90,100,35,56,NA
152,42003,42037,42053,42076,NA,RS,RS,RS,RS,NA,843,610,731,906,NA,4,3,2,4,NA,22,18,19,21,NA,90,100,35,56,NA
153,42003,42037,42053,42076,NA,RS,RS,RS,RS,NA,902,624,748,1044,NA,4,3,2,4,NA,22,18,19,21,NA,90,100,35,56,NA
154,42003,42037,42053,42076,NA,RS,RS,RS,RS,NA,918,639,803,1030,NA,4,3,2,4,NA,22,18,19,21,NA,90,100,35,56,NA
155,42003,42037,42053,42076,NA,RS,RS,RS,RS,NA,935,700,822,1012,NA,4,3,2,4,NA,22,18,19,21,NA,90,100,35,56,NA
156,42003,42037,42053,42076,NA,RS,RS,RS,RS,NA,951,716,838,956,NA,4,3,2,4,NA,22,18,19,21,NA,90,100,35,56,NA
157,42003,42037,42053,42076,NA,RS,RS,RS,RS,NA,1007,735,855,940,NA,4,3,2,4,NA,22,18,19,21,NA,90,100,35,56,NA
158,42003,42037,42053,42076,NA,RS,RS,RS,RS,NA,1022,750,910,925,NA,4,3,2,4,NA,22,18,19,21,NA,90,100,35,56,NA
159,42003,42047,42065,42084,NA,RS,RS,RS,RS,NA,529,512,707,821,NA,1,0,3,1,NA,18,17,18,20,NA,15,4,100,94,NA
160,42003,42047,42065,42084,NA,RS,RS,RS,RS,NA,544,736,957,804,NA,1,0,3,1,NA,18,17,18,20,NA,15,4,100,94,NA
161,42003,42047,42065,42084,NA,RS,RS,RS,RS,NA,628,530,922,836,NA,1,0,3,1,NA,18,17,18,20,NA,15,4,100,94,NA
162,42003,42047,42065,42084,NA,RS,RS,RS,RS,NA,644,549,907,850,NA,1,0,3,1,NA,18,17,18,20,NA,15,4,100,94,NA
163,42004,42047,42065,42084,NA,RS,RS,RS,RS,NA,701,610,852,905,NA,1,0,3,1,NA,18,17,18,20,NA,15,4,100,94,NA
164,42004,42047,42065,42084,NA,RS,RS,RS,RS,NA,717,630,732,1016,NA,1,0,3,1,NA,18,17,18,20,NA,15,4,100,94,NA
165,42004,42047,42065,42084,NA,RS,RS,RS,RS,NA,734,650,747,959,NA,1,0,3,1,NA,18,17,18,20,NA,15,4,100,94,NA
166,42004,42047,42065,42084,NA,RS,RS,RS,RS,NA,803,710,647,746,NA,1,0,3,1,NA,18,17,18,20,NA,15,4,100,94,NA
167,42004,42047,42065,42084,NA,RS,RS,RS,RS,NA,822,809,806,942,NA,1,0,3,1,NA,18,17,18,20,NA,15,4,100,94,NA
168,42004,42047,42065,42084,NA,RS,RS,RS,RS,NA,841,826,824,923,NA,1,0,3,1,NA,18,17,18,20,NA,15,4,100,94,NA
171,42005,42040,42071,42082,NA,RS,MS,RS,RS,NA,529,800,544,739,NA,2,1,1,4,NA,20,23,16,16,NA,100,0,99,40,NA
172,42005,42040,42071,42082,NA,RS,MS,RS,RS,NA,548,815,600,725,NA,2,1,1,4,NA,20,23,16,16,NA,100,0,99,40,NA
173,42005,42040,42071,42082,NA,RS,MS,RS,RS,NA,607,829,615,710,NA,2,1,1,4,NA,20,23,16,16,NA,100,0,99,40,NA
174,42005,42040,42071,42082,NA,RS,MS,RS,RS,NA,626,843,629,655,NA,2,1,1,4,NA,20,23,16,16,NA,100,0,99,40,NA
175,42005,42040,42071,42082,NA,RS,MS,RS,RS,NA,641,856,643,641,NA,2,1,1,4,NA,20,23,16,16,NA,100,0,99,40,NA
176,42005,42040,42071,42082,NA,RS,MS,RS,RS,NA,656,911,711,615,NA,2,1,1,4,NA,20,23,16,16,NA,100,0,99,40,NA
177,42005,42040,42071,42082,NA,RS,MS,RS,RS,NA,711,925,658,628,NA,2,1,1,4,NA,20,23,16,16,NA,100,0,99,40,NA
178,42005,42040,42071,42082,NA,RS,MS,RS,RS,NA,734,945,724,601,NA,2,1,1,4,NA,20,23,16,16,NA,100,0,99,40,NA
179,42005,42040,42071,42082,NA,RS,MS,RS,RS,NA,748,959,747,548,NA,2,1,1,4,NA,20,23,16,16,NA,100,0,99,40,NA
182,42006,42039,42063,42081,NA,RS,RS,RS,RS,NA,512,603,854,843,NA,1,1,2,1,NA,17,18,21,21,NA,100,40,90,68,NA
183,42006,42039,42063,42081,NA,RS,RS,RS,RS,NA,527,618,839,856,NA,1,1,2,1,NA,17,18,21,21,NA,100,40,90,68,NA
184,42006,42039,42063,42081,NA,RS,RS,RS,RS,NA,544,753,825,910,NA,1,1,2,1,NA,17,18,21,21,NA,100,40,90,68,NA
185,42006,42039,42063,42081,NA,RS,RS,RS,RS,NA,559,737,808,928,NA,1,1,2,1,NA,17,18,21,21,NA,100,40,90,68,NA
186,42006,42039,42063,42081,NA,RS,RS,RS,RS,NA,615,723,752,944,NA,1,1,2,1,NA,17,18,21,21,NA,100,40,90,68,NA
187,42006,42039,42063,42081,NA,RS,RS,RS,RS,NA,629,707,1017,958,NA,1,1,2,1,NA,17,18,21,21,NA,100,40,90,68,NA
188,42006,42039,42063,42081,NA,RS,RS,RS,RS,NA,645,650,957,1015,NA,1,1,2,1,NA,17,18,21,21,NA,100,40,90,68,NA
189,42006,42039,42063,42081,NA,RS,RS,RS,RS,NA,703,812,938,1030,NA,1,1,2,1,NA,17,18,21,21,NA,100,40,90,68,NA
190,42006,42039,42063,42081,NA,RS,RS,RS,RS,NA,727,632,922,1046,NA,1,1,2,1,NA,17,18,21,21,NA,100,40,90,68,NA
191,42007,42037,42053,42079,NA,RS,MS,RS,RS,NA,812,1032,513,1553,NA,3,3,2,3,NA,22,22,12,24,NA,78,100,70,28,NA
192,42007,42037,42053,42079,NA,RS,MS,RS,RS,NA,825,1020,525,1605,NA,3,3,2,3,NA,22,22,12,24,NA,78,100,70,28,NA
193,42007,42037,42053,42079,NA,RS,MS,RS,RS,NA,838,1008,538,1617,NA,3,3,2,3,NA,22,22,12,24,NA,78,100,70,28,NA
194,42007,42037,42053,42079,NA,RS,MS,RS,RS,NA,852,956,552,1629,NA,3,3,2,3,NA,22,22,12,24,NA,78,100,70,28,NA
195,42007,42037,42053,42079,NA,RS,MS,RS,RS,NA,905,944,605,1641,NA,3,3,2,3,NA,22,22,12,24,NA,78,100,70,28,NA
196,42007,42037,42053,42079,NA,RS,MS,MS,RS,NA,919,930,559,1654,NA,3,3,2,3,NA,22,22,12,24,NA,78,100,70,28,NA
197,42007,42037,42053,42079,NA,RS,MS,MS,RS,NA,933,917,537,1706,NA,3,3,2,3,NA,22,22,12,24,NA,78,100,70,28,NA
198,42007,42037,42053,42079,NA,RS,MS,MS,RS,NA,950,906,534,1718,NA,3,3,2,3,NA,22,22,12,24,NA,78,100,70,28,NA
199,42007,42037,42053,42079,NA,RS,MS,MS,RS,NA,1004,854,522,1733,NA,3,3,2,3,NA,22,22,12,24,NA,78,100,70,28,NA
200,42007,42038,42061,42078,NA,RS,RS,RS,MS,NA,445,516,807,857,NA,3,4,2,1,NA,21,15,21,16,NA,62,100,100,45,NA
201,42008,42038,42061,42078,NA,RS,RS,RS,MS,NA,458,530,820,909,NA,3,4,2,1,NA,21,15,21,16,NA,62,100,100,45,NA
202,42008,42038,42061,42078,NA,RS,RS,RS,MS,NA,511,543,832,921,NA,3,4,2,1,NA,21,15,21,16,NA,62,100,100,45,NA
203,42008,42038,42061,42078,NA,RS,RS,RS,MS,NA,524,557,844,934,NA,3,4,2,1,NA,21,15,21,16,NA,62,100,100,45,NA
204,42008,42038,42061,42078,NA,RS,RS,RS,MS,NA,540,611,858,946,NA,3,4,2,1,NA,21,15,21,16,NA,62,100,100,45,NA
205,42008,42038,42061,42078,NA,RS,RS,RS,MS,NA,555,626,912,958,NA,3,4,2,1,NA,21,15,21,16,NA,62,100,100,45,NA
206,42008,42038,42061,42078,NA,RS,RS,RS,MS,NA,609,639,925,1014,NA,3,4,2,1,NA,21,15,21,16,NA,62,100,100,45,NA
207,42008,42038,42061,42078,NA,RS,RS,RS,MS,NA,626,654,938,1026,NA,3,4,2,1,NA,21,15,21,16,NA,62,100,100,45,NA
208,42008,42038,42061,42078,NA,RS,RS,RS,MS,NA,646,710,951,1038,NA,3,4,2,1,NA,21,15,21,16,NA,62,100,100,45,NA
210,42008,42038,42060,42078,NA,RS,RS,RS,RS,NA,822,528,853,844,NA,3,4,4,3,NA,29,12,23,21,NA,44,100,97,80,NA
211,42008,42038,42060,42078,NA,RS,RS,RS,RS,NA,836,540,905,856,NA,3,4,4,3,NA,29,12,23,21,NA,44,100,97,80,NA
212,42008,42038,42060,42078,NA,RS,RS,RS,RS,NA,850,553,917,908,NA,3,4,4,3,NA,29,12,23,21,NA,44,100,97,80,NA
213,42008,42038,42060,42078,NA,RS,RS,RS,RS,NA,903,605,930,921,NA,3,4,4,3,NA,29,12,23,21,NA,44,100,97,80,NA
214,42008,42038,42060,42078,NA,RS,RS,RS,RS,NA,917,619,943,934,NA,3,4,4,3,NA,29,12,23,21,NA,44,100,97,80,NA
215,42008,42038,42060,42078,NA,RS,RS,RS,RS,NA,949,641,958,1023,NA,3,4,4,3,NA,29,12,23,21,NA,44,100,97,80,NA
216,42008,42038,42060,42078,NA,RS,RS,RS,RS,NA,1002,653,1011,1010,NA,3,4,4,3,NA,29,12,23,21,NA,44,100,97,80,NA
217,42008,42038,42060,42078,NA,RS,RS,RS,RS,NA,1017,708,1024,957,NA,3,4,4,3,NA,29,12,23,21,NA,44,100,97,80,NA
226,42014,42049,42067,42086,NA,RS,MS,RS,RS,NA,516,949,712,750,NA,0,2,1,1,NA,26,22,16,18,NA,18,11,16,100,NA
227,42014,42049,42067,42086,NA,RS,MS,RS,RS,NA,531,936,657,722,NA,0,2,1,1,NA,26,22,16,18,NA,18,11,16,100,NA
228,42014,42049,42067,42086,NA,RS,MS,RS,RS,NA,545,907,627,657,NA,0,2,1,1,NA,26,22,16,18,NA,18,11,16,100,NA
229,42014,42049,42067,42086,NA,RS,MS,RS,RS,NA,600,852,613,637,NA,0,2,1,1,NA,26,22,16,18,NA,18,11,16,100,NA
230,42014,42049,42067,42086,NA,RS,MS,RS,RS,NA,615,923,641,707,NA,0,2,1,1,NA,26,22,16,18,NA,18,11,16,100,NA
231,42014,42049,42067,42086,NA,RS,MS,RS,RS,NA,631,1003,727,736,NA,0,2,1,1,NA,26,22,16,18,NA,18,11,16,100,NA
232,42014,42049,42067,42086,NA,RS,MS,RS,RS,NA,646,759,526,552,NA,0,2,1,1,NA,26,22,16,18,NA,18,11,16,100,NA
233,42014,42049,42067,42086,NA,RS,MS,RS,RS,NA,701,816,540,605,NA,0,2,1,1,NA,26,22,16,18,NA,18,11,16,100,NA
234,42014,42049,42067,42086,NA,RS,MS,RS,RS,NA,717,834,556,621,NA,0,2,1,1,NA,26,22,16,18,NA,18,11,16,100,NA
235,42014,42049,42067,42069,NA,RS,MS,RS,RS,NA,810,707,805,1759,NA,4,1,2,4,NA,27,13,22,24,NA,38,0,4,49,NA
236,42014,42049,42067,42069,NA,RS,MS,RS,RS,NA,828,636,938,1733,NA,4,1,2,4,NA,27,13,22,24,NA,38,0,4,49,NA
237,42014,42049,42067,42069,NA,RS,MS,RS,RS,NA,843,648,950,1745,NA,4,1,2,4,NA,27,13,22,24,NA,38,0,4,49,NA
239,42014,42049,42067,42069,NA,RS,MS,RS,RS,NA,917,623,817,1720,NA,4,1,2,4,NA,27,13,22,24,NA,38,0,4,49,NA
240,42014,42049,42067,42069,NA,RS,MS,RS,RS,NA,930,609,829,1707,NA,4,1,2,4,NA,27,13,22,24,NA,38,0,4,49,NA
241,42014,42049,42067,42069,NA,RS,MS,RS,RS,NA,944,555,842,1655,NA,4,1,2,4,NA,27,13,22,24,NA,38,0,4,49,NA
242,42014,42049,42067,42069,NA,RS,MS,RS,RS,NA,956,543,854,1643,NA,4,1,2,4,NA,27,13,22,24,NA,38,0,4,49,NA
243,42015,42048,42066,42085,NA,RS,RS,RS,RS,NA,455,510,519,1542,NA,1,1,1,0,NA,20,18,16,24,NA,100,6,14,92,NA
244,42015,42048,42066,42085,NA,RS,RS,RS,RS,NA,510,527,533,1556,NA,1,1,1,0,NA,20,18,16,24,NA,100,6,14,92,NA
245,42015,42048,42066,42085,NA,RS,RS,RS,RS,NA,525,545,547,1609,NA,1,1,1,0,NA,20,18,16,24,NA,100,6,14,92,NA
246,42015,42048,42066,42085,NA,RS,RS,RS,RS,NA,541,605,601,1623,NA,1,1,1,0,NA,20,18,16,24,NA,100,6,14,92,NA
247,42015,42048,42066,42085,NA,RS,RS,RS,RS,NA,556,656,646,1703,NA,1,1,1,0,NA,20,18,16,24,NA,100,6,14,92,NA
248,42015,42048,42066,42085,NA,RS,RS,RS,RS,NA,611,737,724,1732,NA,1,1,1,0,NA,20,18,16,24,NA,100,6,14,92,NA
249,42015,42048,42066,42085,NA,RS,RS,RS,RS,NA,627,723,708,1718,NA,1,1,1,0,NA,20,18,16,24,NA,100,6,14,92,NA
250,42015,42048,42066,42085,NA,RS,RS,RS,RS,NA,641,640,632,1649,NA,1,1,1,0,NA,20,18,16,24,NA,100,6,14,92,NA
251,42015,42048,42066,42085,NA,RS,RS,RS,RS,NA,656,623,617,1636,NA,1,1,1,0,NA,20,18,16,24,NA,100,6,14,92,NA
252,42015,42048,42066,42068,NA,RS,MS,RS,RS,NA,756,517,802,1628,NA,3,1,1,2,NA,23,14,21,24,NA,60,0,8,3,NA
253,42015,42048,42066,42068,NA,RS,MS,RS,RS,NA,810,532,817,1642,NA,3,1,1,2,NA,23,14,21,24,NA,60,0,8,3,NA
254,42015,42048,42066,42068,NA,RS,MS,RS,RS,NA,824,545,833,1658,NA,3,1,1,2,NA,23,14,21,24,NA,60,0,8,3,NA
255,42015,42048,42066,42068,NA,RS,MS,RS,RS,NA,838,602,847,1759,NA,3,1,1,2,NA,23,14,21,24,NA,60,0,8,3,NA
256,42015,42066,42068,,NA,RS,RS,RS,RS,NA,852,1000,1829,,NA,3,1,2,,NA,23,21,24,,NA,60,8,3,,NA
257,42015,42066,42068,,NA,RS,RS,RS,RS,NA,907,945,1815,,NA,3,1,2,,NA,23,21,24,,NA,60,8,3,,NA
258,42015,42048,42066,42068,NA,RS,MS,RS,RS,NA,921,716,930,1745,NA,3,1,1,2,NA,23,14,21,24,NA,60,0,8,3,NA
259,42015,42048,42066,42068,NA,RS,MS,RS,RS,NA,935,631,916,1730,NA,3,1,1,2,NA,23,14,21,24,NA,60,0,8,3,NA
260,42015,42048,42066,42068,NA,RS,MS,RS,RS,NA,949,617,902,1715,NA,3,1,1,2,NA,23,14,21,24,NA,60,0,8,3,NA
268,42016,42048,42067,42086,NA,RS,MS,RS,RS,NA,455,820,1624,855,NA,4,2,0,0,NA,17,22,24,18,NA,85,5,3,100,NA
269,42016,42048,42067,42086,NA,RS,MS,RS,RS,NA,523,846,1652,923,NA,4,2,0,0,NA,17,22,24,18,NA,85,5,3,100,NA
270,42016,42048,42067,42086,NA,RS,MS,RS,RS,NA,509,843,1638,910,NA,4,2,0,0,NA,17,22,24,18,NA,85,5,3,100,NA
272,42016,42048,42067,42086,NA,RS,MS,RS,RS,NA,538,901,1707,938,NA,4,2,0,0,NA,17,22,24,18,NA,85,5,3,100,NA
273,42016,42048,42067,42086,NA,RS,MS,RS,RS,NA,552,920,1723,953,NA,4,2,0,0,NA,17,22,24,18,NA,85,5,3,100,NA
274,42016,42048,42067,42086,NA,RS,RS,RS,RS,NA,608,856,1804,1009,NA,4,3,0,0,NA,17,24,24,18,NA,85,0,3,100,NA
275,42016,42048,42067,42086,NA,RS,RS,RS,RS,NA,623,912,1748,1024,NA,4,3,0,0,NA,17,24,24,18,NA,85,0,3,100,NA
276,42016,42048,42067,42086,NA,RS,RS,RS,RS,NA,641,841,1819,1041,NA,4,3,0,0,NA,17,24,24,18,NA,85,0,3,100,NA
277,42016,42048,42067,42086,NA,RS,RS,RS,RS,NA,656,825,1831,1055,NA,4,3,0,0,NA,17,24,24,18,NA,85,0,3,100,NA
278,42016,42049,42067,42069,NA,RS,MS,RS,RS,NA,744,530,907,1629,NA,3,1,4,4,NA,23,13,24,16,NA,48,0,3,49,NA
279,42016,42049,42067,42069,NA,RS,MS,RS,RS,NA,805,514,919,1614,NA,3,1,4,4,NA,23,13,24,16,NA,48,0,3,49,NA
280,42017,42052,42068,42087,NA,RS,RS,RS,RS,NA,524,751,1045,731,NA,2,3,4,1,NA,18,21,24,16,NA,85,65,3,8,NA
281,42017,42052,42068,42087,NA,RS,RS,RS,RS,NA,552,721,1019,543,NA,2,3,4,1,NA,18,21,24,16,NA,85,65,3,8,NA
282,42017,42052,42068,42087,NA,RS,RS,RS,RS,NA,538,737,1032,744,NA,2,3,4,1,NA,18,21,24,16,NA,85,65,3,8,NA
284,42017,42052,42068,42087,NA,RS,RS,RS,RS,NA,1020,905,951,951,NA,2,3,4,2,NA,18,21,24,22,NA,85,65,3,6,NA
286,42017,42052,42068,42087,NA,RS,RS,RS,RS,NA,608,939,831,558,NA,2,3,2,1,NA,18,21,23,16,NA,85,65,40,8,NA
287,42017,42052,42068,42087,NA,RS,RS,RS,RS,NA,650,921,951,613,NA,2,3,2,1,NA,18,21,23,16,NA,85,65,40,8,NA
288,42017,42052,42068,42087,NA,RS,RS,RS,RS,NA,706,903,934,631,NA,2,3,2,1,NA,18,21,23,16,NA,85,65,40,8,NA
289,42017,42052,42068,42087,NA,RS,RS,RS,RS,NA,724,843,849,715,NA,2,3,2,1,NA,18,21,23,16,NA,85,65,40,8,NA
290,42017,42052,42068,42087,NA,RS,RS,RS,RS,NA,738,826,918,645,NA,2,3,2,1,NA,18,21,23,16,NA,85,65,40,8,NA
291,42017,42052,42068,42087,NA,RS,RS,RS,RS,NA,754,809,904,700,NA,0,3,2,1,NA,30,21,22,16,NA,30,65,2,8,NA
292,42017,42052,42068,42089,NA,RS,RS,RS,RS,NA,824,714,806,810,NA,0,3,2,2,NA,30,21,22,22,NA,30,65,2,6,NA
293,42017,42052,42068,42089,NA,RS,RS,RS,RS,NA,838,728,820,824,NA,0,3,2,2,NA,30,21,22,22,NA,30,65,2,6,NA
294,42017,42052,42068,42089,NA,RS,RS,RS,RS,NA,853,742,836,838,NA,0,3,2,2,NA,30,21,22,22,NA,30,65,2,6,NA
295,42017,42052,42068,42089,NA,RS,RS,RS,RS,NA,907,758,850,852,NA,0,3,2,2,NA,30,21,22,22,NA,30,65,2,6,NA
296,42017,42052,42068,42089,NA,RS,RS,RS,RS,NA,924,831,937,937,NA,0,3,2,2,NA,30,21,22,22,NA,30,65,2,6,NA
297,42017,42052,42068,42089,NA,RS,RS,RS,RS,NA,943,815,906,907,NA,0,3,2,2,NA,30,21,22,22,NA,30,65,2,6,NA
298,42017,42052,42068,42089,NA,RS,RS,RS,RS,NA,958,847,920,921,NA,0,3,2,2,NA,30,21,22,22,NA,30,65,2,6,NA
304,42018,42051,42069,42088,NA,RS,RS,RS,RS,NA,511,512,530,846,NA,2,3,2,1,NA,18,16,16,21,NA,14,96,82,7,NA
305,42018,42051,42069,42088,NA,RS,RS,RS,RS,NA,633,720,739,832,NA,2,3,2,1,NA,18,16,16,21,NA,14,96,82,7,NA
308,42018,42051,42069,42088,NA,RS,RS,RS,RS,NA,756,527,807,619,NA,4,1,4,0,NA,16,12,22,16,NA,26,97,82,6,NA
309,42018,42051,42069,42088,NA,RS,RS,RS,RS,NA,809,540,826,606,NA,4,1,4,0,NA,16,12,22,16,NA,26,97,82,6,NA
310,42018,42051,42069,42088,NA,RS,RS,RS,RS,NA,823,556,840,553,NA,4,1,4,0,NA,16,12,22,16,NA,26,97,82,6,NA
311,42018,42051,42069,42088,NA,RS,MS,RS,RS,NA,838,609,853,540,NA,4,1,4,0,NA,16,12,22,16,NA,26,97,82,6,NA
315,42018,42051,42069,42088,NA,RS,RS,RS,RS,NA,527,526,544,900,NA,2,3,2,1,NA,18,16,16,21,NA,14,96,82,7,NA
316,42018,42051,42069,42088,NA,RS,RS,RS,RS,NA,543,545,559,916,NA,2,3,2,1,NA,18,16,16,21,NA,14,96,82,7,NA
317,42018,42051,42069,42088,NA,RS,RS,RS,RS,NA,558,605,614,930,NA,2,3,2,1,NA,18,16,16,21,NA,14,96,82,7,NA
318,42018,42051,42069,42088,NA,RS,RS,RS,RS,NA,616,701,649,1018,NA,2,3,2,1,NA,18,16,16,21,NA,14,96,82,7,NA
319,42018,42051,42069,42088,NA,RS,RS,RS,RS,NA,651,741,725,817,NA,2,3,2,1,NA,18,16,16,21,NA,14,96,82,7,NA
320,42018,42051,42069,42088,NA,RS,RS,RS,RS,NA,708,642,708,1001,NA,2,3,2,1,NA,18,16,16,21,NA,14,96,82,7,NA
321,42018,42051,42069,42088,NA,RS,RS,RS,RS,NA,726,625,630,945,NA,2,3,2,1,NA,18,16,16,21,NA,14,96,82,7,NA
322,42018,42051,42069,42088,NA,RS,MS,RS,RS,NA,854,624,908,755,NA,4,1,4,1,NA,16,12,22,21,NA,26,97,82,7,NA
323,42018,42051,42069,42088,NA,RS,MS,RS,RS,NA,913,638,925,739,NA,4,1,4,1,NA,16,12,22,21,NA,26,97,82,7,NA
324,42018,42051,42069,42088,NA,RS,MS,RS,RS,NA,928,653,942,706,NA,4,1,4,1,NA,16,12,22,21,NA,26,97,82,7,NA
325,42018,42051,42069,42088,NA,RS,MS,RS,RS,NA,944,726,1030,722,NA,4,1,4,1,NA,16,12,22,21,NA,26,97,82,7,NA
326,42018,42051,42069,42088,NA,RS,MS,RS,RS,NA,1002,707,959,652,NA,4,1,4,1,NA,16,12,22,21,NA,26,97,82,7,NA
327,42018,42051,42069,42088,NA,RS,MS,RS,RS,NA,1018,742,1013,638,NA,4,1,4,1,NA,16,12,22,21,NA,26,97,82,7,NA
328,42019,42051,42070,42089,NA,RS,MS,RS,RS,NA,732,820,739,533,NA,3,1,3,2,NA,20,12,20,16,NA,90,97,56,35,NA
329,42019,42051,42070,42089,NA,RS,RS,RS,RS,NA,748,824,723,549,NA,3,3,3,2,NA,20,16,20,16,NA,90,96,56,35,NA
330,42019,42051,42070,42089,NA,RS,RS,RS,RS,NA,803,839,709,603,NA,3,3,3,2,NA,20,16,20,16,NA,90,96,56,35,NA
331,42019,42051,42070,42089,NA,RS,RS,RS,RS,NA,818,855,653,617,NA,3,3,3,2,NA,20,16,20,16,NA,90,96,56,35,NA
332,42019,42051,42070,42089,NA,RS,RS,RS,RS,NA,832,910,638,632,NA,3,3,3,2,NA,20,16,20,16,NA,90,96,56,35,NA
333,42019,42051,42070,42089,NA,RS,MS,RS,RS,NA,851,837,534,739,NA,3,1,3,2,NA,20,12,20,16,NA,90,97,56,35,NA
334,42019,42051,42070,42089,NA,RS,MS,RS,RS,NA,907,858,604,707,NA,3,1,3,2,NA,20,12,20,16,NA,90,97,56,35,NA
335,42019,42051,42070,42089,NA,RS,MS,RS,RS,NA,923,913,620,650,NA,3,1,3,2,NA,20,12,20,16,NA,90,97,56,35,NA
336,42019,42051,42070,42089,NA,RS,MS,RS,RS,NA,947,936,547,724,NA,3,1,3,2,NA,20,12,20,16,NA,90,97,56,35,NA
337,42020,42052,42068,42089,NA,RS,MS,RS,RS,NA,729,518,522,819,NA,3,1,2,1,NA,25,11,16,22,NA,2,30,3,16,NA
338,42020,42052,42068,42089,NA,RS,MS,RS,RS,NA,744,550,538,835,NA,3,1,2,1,NA,25,11,16,22,NA,2,30,3,16,NA
339,42020,42052,42068,42089,NA,RS,MS,RS,RS,NA,758,606,552,852,NA,3,1,2,1,NA,25,11,16,22,NA,2,30,3,16,NA
340,42020,42052,42068,42089,NA,RS,RS,RS,RS,NA,812,521,608,908,NA,3,2,2,1,NA,25,16,16,22,NA,2,66,3,16,NA
341,42020,42052,42068,42089,NA,RS,RS,RS,RS,NA,827,536,623,922,NA,3,2,2,1,NA,25,16,16,22,NA,2,66,3,16,NA
342,42020,42052,42068,42089,NA,RS,RS,RS,RS,NA,841,557,638,937,NA,3,2,2,1,NA,25,16,16,22,NA,2,66,3,16,NA
343,42020,42052,42068,42089,NA,RS,RS,RS,RS,NA,857,615,655,955,NA,3,2,2,1,NA,25,16,16,22,NA,2,66,3,16,NA
344,42020,42052,42068,42089,NA,RS,RS,RS,RS,NA,913,632,710,1010,NA,3,2,2,1,NA,25,16,16,22,NA,2,66,3,16,NA
345,42020,42052,42068,42089,NA,RS,MS,RS,RS,NA,932,531,727,1026,NA,3,1,2,1,NA,25,11,16,22,NA,2,30,3,16,NA
346,42021,42047,42064,42084,NA,RS,MS,RS,RS,NA,516,546,1703,1051,NA,4,0,2,2,NA,14,14,22,23,NA,97,1,36,78,NA
347,42021,42047,42064,42084,NA,RS,MS,RS,RS,NA,532,600,1648,1035,NA,4,0,2,2,NA,14,14,22,23,NA,97,1,36,78,NA
348,42021,42047,42064,42084,NA,RS,MS,RS,RS,NA,550,614,1633,1108,NA,4,0,2,2,NA,14,14,22,23,NA,97,1,36,78,NA
349,42021,42047,42064,42084,NA,RS,MS,RS,RS,NA,605,628,1832,637,NA,4,0,2,3,NA,14,14,22,17,NA,97,1,36,11,NA
350,42021,42047,42064,42084,NA,RS,MS,RS,RS,NA,622,648,1815,654,NA,4,0,2,3,NA,14,14,22,17,NA,97,1,36,11,NA
351,42021,42047,42064,42084,NA,RS,MS,RS,RS,NA,641,707,1756,715,NA,4,0,2,3,NA,14,14,22,17,NA,97,1,36,11,NA
352,42021,42047,42064,42084,NA,RS,MS,RS,RS,NA,658,723,1739,555,NA,4,0,2,3,NA,14,14,22,17,NA,97,1,36,11,NA
353,42021,42047,42064,42084,NA,RS,MS,RS,RS,NA,715,738,1723,610,NA,4,0,2,3,NA,14,14,22,17,NA,97,1,36,11,NA
354,42021,42047,42065,42082,NA,RS,RS,RS,RS,NA,806,939,557,934,NA,4,3,3,2,NA,20,21,16,23,NA,84,22,100,78,NA
355,42021,42047,42065,42082,NA,RS,RS,RS,RS,NA,826,951,610,942,NA,4,3,3,2,NA,20,21,16,23,NA,84,22,100,78,NA
356,42021,42047,,,NA,RS,RS,RS,RS,NA,909,1028,,,NA,4,3,,,NA,20,21,,,NA,84,22,,,NA
357,42021,42047,42065,,NA,RS,MS,RS,RS,NA,940,1000,1053,,NA,4,0,3,,NA,20,14,18,,NA,84,1,100,,NA
358,42021,42047,42065,42082,NA,RS,MS,RS,RS,NA,1018,933,541,1006,NA,4,0,3,2,NA,20,14,16,23,NA,84,1,100,78,NA
360,42022,42046,42064,42083,NA,RS,MS,RS,RS,NA,523,855,957,935,NA,3,3,3,3,NA,15,25,18,20,NA,20,3,48,68,NA
361,42022,42046,42064,42083,NA,RS,MS,RS,RS,NA,539,912,1015,1043,NA,3,3,3,3,NA,15,25,18,20,NA,20,3,48,68,NA
362,42022,42046,42064,42083,NA,RS,MS,RS,RS,NA,559,937,1051,1024,NA,3,3,3,3,NA,15,25,18,20,NA,20,3,48,68,NA
363,42022,42046,42064,42083,NA,RS,MS,RS,RS,NA,619,1000,1033,1003,NA,3,3,3,3,NA,15,25,18,20,NA,20,3,48,68,NA
364,42022,42046,42064,42083,NA,RS,MS,RS,RS,NA,701,838,943,1109,NA,3,3,3,3,NA,15,25,18,20,NA,20,3,48,68,NA
365,42022,42046,42064,42083,NA,RS,RS,RS,RS,NA,716,758,929,917,NA,3,0,3,3,NA,15,24,18,20,NA,20,3,48,68,NA
366,42022,42046,42064,42083,NA,RS,RS,RS,RS,NA,732,739,915,902,NA,3,0,3,3,NA,15,24,18,20,NA,20,3,48,68,NA
368,42022,42046,42064,42083,NA,RS,RS,RS,RS,NA,814,721,900,849,NA,3,0,3,3,NA,15,24,18,20,NA,20,3,48,68,NA
369,42022,42046,42064,42083,NA,RS,RS,RS,RS,NA,839,602,808,803,NA,3,0,3,3,NA,25,18,18,20,NA,100,2,48,68,NA
370,42022,42046,42064,42083,NA,RS,RS,RS,RS,NA,853,532,741,737,NA,3,0,3,3,NA,25,18,18,20,NA,100,2,48,68,NA
371,42022,42046,42064,42083,NA,RS,RS,RS,RS,NA,907,519,728,724,NA,3,0,3,3,NA,25,18,18,20,NA,100,2,48,68,NA
372,42022,42046,42064,42083,NA,RS,RS,RS,RS,NA,927,546,755,750,NA,3,0,3,3,NA,25,18,18,20,NA,100,2,48,68,NA
373,42022,42046,42064,42083,NA,RS,RS,RS,RS,NA,944,619,822,817,NA,3,0,3,3,NA,25,18,18,20,NA,100,2,48,68,NA
374,42022,42046,42064,42083,NA,RS,RS,RS,RS,NA,1002,637,841,831,NA,3,0,3,3,NA,25,18,18,20,NA,100,2,48,68,NA
375,42023,42046,42064,42083,NA,RS,MS,RS,RS,NA,513,543,650,653,NA,1,0,2,3,NA,14,15,16,15,NA,100,2,92,36,NA
376,42023,42046,42064,42083,NA,RS,MS,RS,RS,NA,526,557,637,641,NA,1,0,2,3,NA,14,15,16,15,NA,100,2,92,36,NA
377,42023,42046,42064,42083,NA,RS,MS,RS,RS,NA,539,610,557,553,NA,1,0,2,3,NA,14,15,16,15,NA,100,2,92,36,NA
378,42023,42046,42064,42083,NA,RS,MS,RS,RS,NA,625,650,544,604,NA,1,0,2,3,NA,14,15,16,15,NA,100,2,92,36,NA
379,42023,42046,42064,42083,NA,RS,MS,RS,RS,NA,642,704,531,616,NA,1,0,2,3,NA,14,15,16,15,NA,100,2,92,36,NA
380,42023,42046,42064,42083,NA,RS,MS,RS,RS,NA,655,717,519,628,NA,1,0,2,3,NA,14,15,16,15,NA,100,2,92,36,NA
381,42023,42046,42064,42083,NA,RS,MS,RS,RS,NA,501,531,702,704,NA,1,0,2,3,NA,14,15,16,15,NA,100,2,92,36,NA
382,42023,42046,42064,42083,NA,RS,MS,RS,RS,NA,554,622,611,542,NA,1,0,2,3,NA,14,15,16,15,NA,100,2,92,36,NA
383,42023,42046,42064,42083,NA,RS,MS,RS,RS,NA,608,634,623,530,NA,1,0,2,3,NA,14,15,16,15,NA,100,2,92,36,NA
385,42027,42039,42062,42080,NA,RS,MS,RS,RS,NA,527,858,813,837,NA,2,2,3,2,NA,17,26,21,20,NA,100,19,100,65,NA
386,42027,42039,42062,42080,NA,RS,MS,RS,RS,NA,539,911,825,849,NA,2,2,3,2,NA,17,26,21,20,NA,100,19,100,65,NA
387,42027,42039,42062,42080,NA,RS,MS,RS,RS,NA,550,923,838,901,NA,2,2,3,2,NA,17,26,21,20,NA,100,19,100,65,NA
388,42027,42039,42062,42080,NA,RS,MS,RS,RS,NA,602,935,851,913,NA,2,2,3,2,NA,17,26,21,20,NA,100,19,100,65,NA
389,42027,42039,42062,42080,NA,RS,MS,RS,RS,NA,614,949,903,925,NA,2,2,3,2,NA,17,26,21,20,NA,100,19,100,65,NA
390,42027,42039,42062,42080,NA,RS,MS,RS,RS,NA,625,1000,956,938,NA,2,2,3,2,NA,17,26,21,20,NA,100,19,100,65,NA
391,42027,42039,42062,42080,NA,RS,MS,RS,RS,NA,638,1013,942,950,NA,2,2,3,2,NA,17,26,21,20,NA,100,19,100,65,NA
392,42027,42039,42062,42080,NA,RS,MS,RS,RS,NA,651,1025,930,1002,NA,2,2,3,2,NA,17,26,21,20,NA,100,19,100,65,NA
393,42027,42039,42062,42080,NA,RS,MS,RS,RS,NA,703,1038,918,1015,NA,1,2,3,2,NA,20,26,21,20,NA,40,19,100,65,NA
394,42027,42040,42063,42080,NA,RS,MS,RS,RS,NA,728,628,622,1117,NA,1,3,2,3,NA,20,22,16,24,NA,40,19,100,78,NA
395,42027,42040,42063,42080,NA,RS,MS,RS,RS,NA,740,545,609,1105,NA,1,3,2,3,NA,20,22,16,24,NA,40,19,100,78,NA
396,42027,42040,42063,42080,NA,RS,MS,RS,RS,NA,751,708,556,1054,NA,1,3,2,3,NA,20,22,16,24,NA,40,19,100,78,NA
397,42027,42040,42063,42080,NA,RS,MS,RS,RS,NA,803,721,543,1042,NA,1,3,2,3,NA,20,22,16,24,NA,40,19,100,78,NA
398,42027,42040,42063,42080,NA,RS,MS,RS,RS,NA,817,735,530,1032,NA,1,3,2,3,NA,20,22,16,24,NA,40,19,100,78,NA
399,42027,42040,42063,42082,NA,RS,MS,RS,RS,NA,831,641,701,813,NA,1,3,2,4,NA,20,22,16,21,NA,40,19,100,92,NA
400,42027,42040,42063,42082,NA,RS,MS,RS,RS,NA,843,655,714,825,NA,1,3,2,4,NA,20,22,16,21,NA,40,19,100,92,NA
401,42027,42040,42063,42082,NA,RS,MS,RS,RS,NA,901,614,634,839,NA,1,3,2,4,NA,20,22,16,21,NA,40,19,100,92,NA
402,42027,42040,42063,42082,NA,RS,MS,RS,RS,NA,913,601,646,851,NA,1,3,2,4,NA,20,22,16,21,NA,40,19,100,40,NA
406,42056,42060,42079,,NA,RS,RS,RS,RS,NA,905,1655,820,,NA,0,3,3,,NA,21,22,16,,NA,4,56,22,,NA
408,42045,42056,42059,42076,NA,RS,MS,RS,RS,NA,532,934,1615,1622,NA,1,3,3,2,NA,18,23,23,24,NA,7,0,21,4,NA
409,42045,42056,42059,42076,NA,RS,MS,RS,RS,NA,546,847,1628,1635,NA,1,3,3,2,NA,18,23,23,24,NA,7,0,21,4,NA
410,42045,42056,42059,42076,NA,RS,MS,RS,RS,NA,559,900,1642,1648,NA,1,3,3,2,NA,18,23,23,24,NA,7,0,21,4,NA
411,42045,42056,42059,42076,NA,RS,MS,RS,RS,NA,614,915,1655,1701,NA,1,3,3,2,NA,18,23,23,24,NA,7,0,21,4,NA
412,42045,42056,42059,42076,NA,RS,MS,RS,RS,NA,630,929,1711,1714,NA,1,3,3,2,NA,18,23,23,24,NA,7,0,21,4,NA
413,42045,42056,42059,42076,NA,RS,MS,RS,RS,NA,646,944,1725,1728,NA,1,3,3,2,NA,18,23,23,24,NA,7,0,21,4,NA
414,42045,42056,42059,42076,NA,RS,MS,RS,RS,NA,706,1000,1742,1741,NA,1,3,3,2,NA,18,23,23,24,NA,7,0,21,4,NA
415,42045,42056,42059,42076,NA,RS,MS,RS,RS,NA,732,1024,1809,1808,NA,1,3,3,2,NA,18,23,23,24,NA,7,0,21,4,NA
416,42045,42056,42059,42076,NA,RS,MS,RS,RS,NA,809,1012,1755,1755,NA,3,3,3,2,NA,23,23,23,24,NA,4,0,21,4,NA
418,42045,42056,42060,42079,NA,RS,RS,RS,RS,NA,823,918,1708,843,NA,3,0,3,3,NA,23,21,22,22,NA,4,4,56,16,NA
419,42045,42056,42060,42079,NA,RS,RS,RS,RS,NA,838,931,1720,847,NA,3,0,3,3,NA,23,21,22,22,NA,4,4,56,16,NA
420,42045,42056,42060,42079,NA,RS,RS,RS,RS,NA,852,945,1733,859,NA,3,0,3,3,NA,23,21,22,22,NA,4,4,56,16,NA
421,42045,42056,42060,42079,NA,RS,RS,RS,RS,NA,906,959,1745,912,NA,3,0,3,3,NA,23,21,22,22,NA,4,4,56,16,NA
422,42045,42056,42060,42079,NA,RS,RS,RS,RS,NA,920,1013,1758,924,NA,3,0,3,3,NA,23,21,22,22,NA,4,4,56,16,NA
423,42045,42056,42060,42079,NA,RS,RS,RS,RS,NA,949,825,1617,744,NA,3,0,3,3,NA,23,21,22,22,NA,4,4,56,16,NA
424,42045,42056,42060,42079,NA,RS,RS,RS,RS,NA,1002,838,1630,756,NA,3,0,3,3,NA,23,21,22,22,NA,4,4,56,16,NA
425,42045,42056,42060,42079,NA,RS,RS,RS,RS,NA,1015,850,1643,808,NA,3,0,3,3,NA,23,21,22,22,NA,4,4,56,16,NA
427,42056,42059,42061,42077,NA,MS,RS,RS,RS,NA,702,657,1800,533,NA,1,4,3,0,NA,12,17,25,15,NA,0,100,36,88,NA
428,42056,42059,42061,42077,NA,MS,RS,RS,RS,NA,714,644,1747,545,NA,1,4,3,0,NA,12,17,25,15,NA,0,100,36,88,NA
429,42056,42059,42061,42077,NA,MS,RS,RS,RS,NA,727,632,1735,557,NA,1,4,3,0,NA,12,17,25,15,NA,0,100,36,88,NA
430,42056,42059,42061,42077,NA,MS,RS,RS,RS,NA,741,619,1722,610,NA,1,4,3,0,NA,12,17,25,15,NA,0,100,36,88,NA
431,42056,42059,42061,42077,NA,MS,RS,RS,RS,NA,526,606,1709,1110,NA,0,4,3,3,NA,12,17,25,22,NA,1,100,36,88,NA
432,42056,42059,42061,42077,NA,MS,RS,RS,RS,NA,539,553,1656,1057,NA,0,4,3,3,NA,12,17,25,22,NA,1,100,36,88,NA
433,42056,42059,42061,42077,NA,MS,RS,RS,RS,NA,553,540,1653,1044,NA,0,4,3,3,NA,12,17,25,22,NA,1,100,36,88,NA
434,42056,42059,42061,42077,NA,MS,RS,RS,RS,NA,608,528,1630,1031,NA,0,4,3,3,NA,12,17,25,22,NA,1,100,36,88,NA
435,42056,42059,42061,42077,NA,MS,RS,RS,RS,NA,631,516,1617,1018,NA,0,4,3,3,NA,12,17,25,22,NA,1,100,36,88,NA
436,42056,42059,42074,42077,NA,RS,RS,RS,MS,NA,518,731,1702,1016,NA,1,2,3,2,NA,16,21,26,17,NA,6,74,65,86,NA
437,42056,42059,42074,42077,NA,RS,RS,RS,MS,NA,531,744,1714,1028,NA,1,2,3,2,NA,16,21,26,17,NA,6,74,65,86,NA
438,42056,42059,42074,42077,NA,RS,RS,RS,MS,NA,545,757,1757,1040,NA,1,2,3,2,NA,16,21,26,17,NA,6,74,65,86,NA
439,42056,42059,42074,42077,NA,RS,RS,RS,MS,NA,636,844,1738,1120,NA,1,2,3,2,NA,16,21,26,17,NA,6,74,65,86,NA
440,42056,42059,42074,42077,NA,RS,RS,RS,MS,NA,615,826,1726,1106,NA,1,2,3,2,NA,16,21,26,17,NA,6,74,65,86,NA
441,42056,42059,42074,42077,NA,RS,RS,RS,MS,NA,558,811,1819,1053,NA,1,2,3,2,NA,16,21,26,17,NA,6,74,65,86,NA
442,42056,42061,42074,42077,NA,MS,RS,RS,RS,NA,649,710,1813,1004,NA,1,2,3,3,NA,12,21,26,22,NA,0,74,65,88,NA
443,42056,42059,42079,,NA,RS,RS,RS,RS,NA,705,957,654,,NA,1,2,0,,NA,12,21,15,,NA,6,74,88,,NA
444,42056,42059,42079,,NA,RS,RS,RS,RS,NA,716,944,642,,NA,1,2,0,,NA,12,21,15,,NA,6,74,88,,NA
445,42056,42059,42079,,NA,RS,RS,RS,RS,NA,736,931,713, ,NA,1,2,0,,NA,12,21,15,,NA,6,74,88,,NA
